{
  "i18n/i18n_en.properties": 1713790394319,
  "i18n/i18n.properties": 1713790394319,
  "manifest.json": 1713962126088,
  "model/models.js": 1713790394319,
  "controller/Main.controller.js": 1713790394319,
  "controller/App.controller.js": 1713790394319,
  "Component.js": 1713790394319,
  "Component-preload.js": 1713962126527,
  "Component-dbg.js": 1713790394319,
  "controller/Main-dbg.controller.js": 1713790394319,
  "controller/App-dbg.controller.js": 1713790394319,
  "model/models-dbg.js": 1713790394319,
  "view/fragments/CreateBook.fragment.xml": 1713790394319,
  "view/fragments/BorrowBook.fragment.xml": 1713790394319,
  "view/Main.view.xml": 1713790394319,
  "view/App.view.xml": 1713790394319,
  "css/style.css": 1713790394319,
  "index.html": 1713790394319
}