{
  "controller/App-dbg.controller.js": 1713278397121,
  "i18n/i18n.properties": 1713278397125,
  "manifest.json": 1713445281646,
  "model/models.js": 1713278397129,
  "controller/Main.controller.js": 1713278397125,
  "controller/App.controller.js": 1713278397121,
  "Component.js": 1713278397121,
  "Component-preload.js": 1713445282008,
  "model/models-dbg.js": 1713278397129,
  "controller/Main-dbg.controller.js": 1713278397125,
  "i18n/i18n_en.properties": 1713278397125,
  "Component-dbg.js": 1713278397121,
  "view/fragments/CreateBook.fragment.xml": 1713278397133,
  "view/fragments/BorrowBook.fragment.xml": 1713278397133,
  "view/Main.view.xml": 1713278397133,
  "view/App.view.xml": 1713278397129,
  "css/style.css": 1713278397125,
  "index.html": 1713278397125
}